hgnc_id,approved_symbol,ensembl_gene_id,source_group_ids
HGNC:24114,AURKAIP1,ENSG00000175756,646
HGNC:23518,CHCHD1,ENSG00000172586,646
HGNC:2673,DAP3,ENSG00000132676,646
HGNC:3597,FAU,ENSG00000149806,728
HGNC:29996,GADD45GIP1,ENSG00000179271,646
HGNC:14275,MRPL1,ENSG00000169288,646
HGNC:14055,MRPL10,ENSG00000159111,646
HGNC:14042,MRPL11,ENSG00000174547,646
HGNC:10378,MRPL12,ENSG00000262814,646
HGNC:14278,MRPL13,ENSG00000172172,646
HGNC:14279,MRPL14,ENSG00000180992,646
HGNC:14054,MRPL15,ENSG00000137547,646
HGNC:14476,MRPL16,ENSG00000166902,646
HGNC:14053,MRPL17,ENSG00000158042,646
HGNC:14477,MRPL18,ENSG00000112110,646
HGNC:14052,MRPL19,ENSG00000115364,646
HGNC:14056,MRPL2,ENSG00000112651,646
HGNC:14478,MRPL20,ENSG00000242485,646
HGNC:14479,MRPL21,ENSG00000197345,646
HGNC:14480,MRPL22,ENSG00000082515,646
HGNC:10322,MRPL23,ENSG00000214026,646
HGNC:14037,MRPL24,ENSG00000143314,646
HGNC:14483,MRPL27,ENSG00000108826,646
HGNC:14484,MRPL28,ENSG00000086504,646
HGNC:10379,MRPL3,ENSG00000114686,646
HGNC:14036,MRPL30,ENSG00000185414,646
HGNC:14035,MRPL32,ENSG00000106591,646
HGNC:14487,MRPL33,ENSG00000243147,646
HGNC:14488,MRPL34,ENSG00000130312,646
HGNC:14489,MRPL35,ENSG00000132313,646
HGNC:14490,MRPL36,ENSG00000171421,646
HGNC:14034,MRPL37,ENSG00000116221,646
HGNC:14033,MRPL38,ENSG00000204316,646
HGNC:14027,MRPL39,ENSG00000154719,646
HGNC:14276,MRPL4,ENSG00000105364,646
HGNC:14491,MRPL40,ENSG00000185608,646
HGNC:14492,MRPL41,ENSG00000182154,646
HGNC:14493,MRPL42,ENSG00000198015,646
HGNC:14517,MRPL43,ENSG00000055950,646
HGNC:16650,MRPL44,ENSG00000135900,646
HGNC:16651,MRPL45,ENSG00000278845,646
HGNC:1192,MRPL46,ENSG00000259494,646
HGNC:16652,MRPL47,ENSG00000136522,646
HGNC:16653,MRPL48,ENSG00000175581,646
HGNC:1176,MRPL49,ENSG00000149792,646
HGNC:16654,MRPL50,ENSG00000136897,646
HGNC:14044,MRPL51,ENSG00000111639,646
HGNC:16655,MRPL52,ENSG00000172590,646
HGNC:16684,MRPL53,ENSG00000204822,646
HGNC:16685,MRPL54,ENSG00000183617,646
HGNC:16686,MRPL55,ENSG00000162910,646
HGNC:14514,MRPL57,ENSG00000173141,646
HGNC:5359,MRPL58,ENSG00000167862,646
HGNC:14277,MRPL9,ENSG00000143436,646
HGNC:14502,MRPS10,ENSG00000048544,646
HGNC:14050,MRPS11,ENSG00000181991,646
HGNC:10380,MRPS12,ENSG00000128626,646
HGNC:14049,MRPS14,ENSG00000120333,646
HGNC:14504,MRPS15,ENSG00000116898,646
HGNC:14048,MRPS16,ENSG00000182180,646
HGNC:14047,MRPS17,ENSG00000239789,646
HGNC:14515,MRPS18A,ENSG00000096080,646
HGNC:14516,MRPS18B,ENSG00000204568,646
HGNC:16633,MRPS18C,ENSG00000163319,646
HGNC:14495,MRPS2,ENSG00000122140,646
HGNC:14046,MRPS21,ENSG00000266472,646
HGNC:14508,MRPS22,ENSG00000175110,646
HGNC:14509,MRPS23,ENSG00000181610,646
HGNC:14510,MRPS24,ENSG00000062582,646
HGNC:14511,MRPS25,ENSG00000131368,646
HGNC:14045,MRPS26,ENSG00000125901,646
HGNC:14512,MRPS27,ENSG00000113048,646
HGNC:14513,MRPS28,ENSG00000147586,646
HGNC:8769,MRPS30,ENSG00000112996,646
HGNC:16632,MRPS31,ENSG00000102738,646
HGNC:16634,MRPS33,ENSG00000090263,646
HGNC:16618,MRPS34,ENSG00000074071,646
HGNC:16635,MRPS35,ENSG00000061794,646
HGNC:14498,MRPS5,ENSG00000144029,646
HGNC:14051,MRPS6,ENSG00000243927,646
HGNC:14499,MRPS7,ENSG00000125445,646
HGNC:14501,MRPS9,ENSG00000135972,646
HGNC:24717,PTCD3,ENSG00000132300,646
HGNC:10298,RPL10,ENSG00000147403,729
HGNC:10299,RPL10A,ENSG00000198755,729
HGNC:17976,RPL10L,ENSG00000165496,729
HGNC:10301,RPL11,ENSG00000142676,729
HGNC:10302,RPL12,ENSG00000197958,729
HGNC:10303,RPL13,ENSG00000167526,729
HGNC:10304,RPL13A,ENSG00000142541,729
HGNC:10305,RPL14,ENSG00000188846,729
HGNC:10306,RPL15,ENSG00000174748,729
HGNC:10307,RPL17,ENSG00000265681,729
HGNC:10310,RPL18,ENSG00000063177,729
HGNC:10311,RPL18A,ENSG00000105640,729
HGNC:10312,RPL19,ENSG00000108298,729
HGNC:10313,RPL21,ENSG00000122026,729
HGNC:10315,RPL22,ENSG00000116251,729
HGNC:27610,RPL22L1,ENSG00000163584,729
HGNC:10316,RPL23,ENSG00000125691,729
HGNC:10317,RPL23A,ENSG00000198242,729
HGNC:10325,RPL24,ENSG00000114391,729
HGNC:10327,RPL26,ENSG00000161970,729
HGNC:17050,RPL26L1,ENSG00000037241,729
HGNC:10328,RPL27,ENSG00000131469,729
HGNC:10329,RPL27A,ENSG00000166441,729
HGNC:10330,RPL28,ENSG00000108107,729
HGNC:10331,RPL29,ENSG00000162244,729
HGNC:10332,RPL3,ENSG00000100316,729
HGNC:10333,RPL30,ENSG00000156482,729
HGNC:10334,RPL31,ENSG00000071082,729
HGNC:10336,RPL32,ENSG00000144713,729
HGNC:10340,RPL34,ENSG00000109475,729
HGNC:10344,RPL35,ENSG00000136942,729
HGNC:10345,RPL35A,ENSG00000182899,729
HGNC:13631,RPL36,ENSG00000130255,729
HGNC:10359,RPL36A,ENSG00000241343,729
HGNC:10346,RPL36AL,ENSG00000165502,729
HGNC:10347,RPL37,ENSG00000145592,729
HGNC:10348,RPL37A,ENSG00000197756,729
HGNC:10349,RPL38,ENSG00000172809,729
HGNC:10350,RPL39,ENSG00000198918,729
HGNC:17094,RPL39L,ENSG00000163923,729
HGNC:10351,RPL3L,ENSG00000140986,729
HGNC:10353,RPL4,ENSG00000174444,729
HGNC:10354,RPL41,ENSG00000229117,729
HGNC:10360,RPL5,ENSG00000122406,729
HGNC:10362,RPL6,ENSG00000089009,729
HGNC:10363,RPL7,ENSG00000147604,729
HGNC:10364,RPL7A,ENSG00000148303,729
HGNC:21370,RPL7L1,ENSG00000146223,729
HGNC:10368,RPL8,ENSG00000161016,729
HGNC:10369,RPL9,ENSG00000163682,729
HGNC:10371,RPLP0,ENSG00000089157,729
HGNC:10372,RPLP1,ENSG00000137818,729
HGNC:10377,RPLP2,ENSG00000177600,729
HGNC:10383,RPS10,ENSG00000124614,728
HGNC:10384,RPS11,ENSG00000142534,728
HGNC:10385,RPS12,ENSG00000112306,728
HGNC:10386,RPS13,ENSG00000110700,728
HGNC:10387,RPS14,ENSG00000164587,728
HGNC:10388,RPS15,ENSG00000115268,728
HGNC:10389,RPS15A,ENSG00000134419,728
HGNC:10396,RPS16,ENSG00000105193,728
HGNC:10397,RPS17,ENSG00000182774,728
HGNC:10401,RPS18,ENSG00000231500,728
HGNC:10402,RPS19,ENSG00000105372,728
HGNC:10404,RPS2,ENSG00000140988,728
HGNC:10405,RPS20,ENSG00000008988,728
HGNC:10409,RPS21,ENSG00000171858,728
HGNC:10410,RPS23,ENSG00000186468,728
HGNC:10411,RPS24,ENSG00000138326,728
HGNC:10413,RPS25,ENSG00000118181,728
HGNC:10414,RPS26,ENSG00000197728,728
HGNC:10416,RPS27,ENSG00000177954,728
HGNC:10417,RPS27A,ENSG00000143947,728
HGNC:18476,RPS27L,ENSG00000185088,728
HGNC:10418,RPS28,ENSG00000233927,728
HGNC:10419,RPS29,ENSG00000213741,728
HGNC:10420,RPS3,ENSG00000149273,728
HGNC:10421,RPS3A,ENSG00000145425,728
HGNC:10424,RPS4X,ENSG00000198034,728
HGNC:10425,RPS4Y1,ENSG00000129824,728
HGNC:18501,RPS4Y2,ENSG00000280969,728
HGNC:10426,RPS5,ENSG00000083845,728
HGNC:10429,RPS6,ENSG00000137154,728
HGNC:10440,RPS7,ENSG00000171863,728
HGNC:10441,RPS8,ENSG00000142937,728
HGNC:10442,RPS9,ENSG00000170889,728
HGNC:6502,RPSA,ENSG00000168028,728
HGNC:12458,UBA52,ENSG00000221983,729
