d,matrix,group,n_seeds,seeds,call_norm_mean,call_norm_min,call_norm_max,mean_z_norm_mean,mean_z_norm_min,mean_z_norm_max,call_dist_centroid_mean,call_dist_centroid_min,call_dist_centroid_max,mean_z_dist_centroid_mean,mean_z_dist_centroid_min,mean_z_dist_centroid_max,call_cos_centroid_mean,call_cos_centroid_min,call_cos_centroid_max,mean_z_cos_centroid_mean,mean_z_cos_centroid_min,mean_z_cos_centroid_max,call_isolation_mean,call_isolation_min,call_isolation_max,mean_z_isolation_mean,mean_z_isolation_min,mean_z_isolation_max,call_union_mean,call_union_min,call_union_max
256,direction_L1,all,20,"1,2,3,4,5,6,7,8,9,10,11,12,13,14,15,16,17,18,19,20",0.002625,0.00195,0.00315,2.7981066352822383e-14,-9.160459057966364e-14,2.5439419459871713e-13,0.0026650000000000003,0.0018,0.00335,-5.728724161713219e-15,-1.9288250996396529e-13,1.6574013272929732e-13,0.0027475,0.00225,0.0037,-5.2250292981170795e-15,-4.318252422308433e-14,4.52381243576383e-14,0.0028324999999999995,0.0021,0.00345,1.259679471843355e-14,-4.1322909538621387e-13,3.478469068340928e-13,0.0079625,0.00675,0.009
256,direction_L1,planted,20,"1,2,3,4,5,6,7,8,9,10,11,12,13,14,15,16,17,18,19,20",0.002,0.0,0.01,-0.018011031630533244,-0.19318972878316518,0.18753083270930676,0.004,0.0,0.04,0.47093094308690364,0.2631189231590037,0.6397460147159159,0.06300000000000001,0.03,0.11,-1.4496281403501499,-1.6127981135970106,-1.307769952413866,0.052000000000000005,0.01,0.09,1.3101173889650526,1.1331435962404952,1.548903870710789,0.08000000000000002,0.03,0.13
256,direction_L1,unplanted,20,"1,2,3,4,5,6,7,8,9,10,11,12,13,14,15,16,17,18,19,20",0.0026281407035175877,0.001959798994974874,0.0031155778894472364,9.050769666396762e-05,-0.000942365993393177,0.0009708026572656145,0.002658291457286432,0.0018090452261306533,0.0033668341708542712,-0.0023664871511962287,-0.003214804094233357,-0.0013222056439040287,0.0024447236180904523,0.0020100502512562816,0.0033668341708542712,0.007284563519342237,0.006571708303560677,0.0081045131336505,0.002585427135678391,0.0020100502512562816,0.0032160804020100503,-0.006583504467148409,-0.007783436536279382,-0.005694188925838423,0.007600502512562814,0.006532663316582915,0.00849246231155779
256,direction_L2,all,20,"1,2,3,4,5,6,7,8,9,10,11,12,13,14,15,16,17,18,19,20",0.002625,0.00195,0.00315,2.7981084116390774e-14,-9.160459057966364e-14,2.5439561568418865e-13,0.0026825,0.00195,0.0033,2.3342225929923187e-14,-7.541842705904856e-14,2.7288962201055255e-13,0.004280000000000001,0.0037,0.0053,3.2595082188890956e-15,-1.729318910292932e-14,3.9551473207666276e-14,0.004005,0.00305,0.00495,-6.914602224128431e-15,-4.0010981194882336e-13,2.9917686106273325e-13,0.009405,0.00815,0.0107
256,direction_L2,planted,20,"1,2,3,4,5,6,7,8,9,10,11,12,13,14,15,16,17,18,19,20",0.002,0.0,0.01,-0.01801103163053324,-0.1931897287831654,0.18753083270930673,0.017,0.0,0.07,0.9539887599823491,0.7437565566508243,1.1182462538742017,0.4485,0.34,0.55,-2.8766826840286432,-3.036300437931583,-2.7309473047989457,0.35100000000000003,0.25,0.43,2.6131092377442817,2.4400736235717826,2.8434040279551094,0.48250000000000004,0.37,0.59
256,direction_L2,unplanted,20,"1,2,3,4,5,6,7,8,9,10,11,12,13,14,15,16,17,18,19,20",0.0026281407035175877,0.001959798994974874,0.0031155778894472364,9.050769666396762e-05,-0.000942365993393177,0.0009708026572656145,0.002610552763819095,0.0017587939698492463,0.0032663316582914573,-0.004793913366722012,-0.005619327908839175,-0.0037374701336494788,0.002047738693467336,0.0015577889447236182,0.002814070351758794,0.014455691879544198,0.013723353290445306,0.01525779114540953,0.002261306532663316,0.0016582914572864321,0.002914572864321608,-0.013131202199726957,-0.014288462452090584,-0.012261676500423641,0.0070276381909547755,0.005979899497487437,0.007989949748743718
256,direction_L3,all,20,"1,2,3,4,5,6,7,8,9,10,11,12,13,14,15,16,17,18,19,20",0.002625,0.00195,0.00315,2.7981172934232747e-14,-9.160423530829576e-14,2.543938393273493e-13,0.0030475000000000003,0.0025,0.0037,-3.407651050224558e-14,-1.7910437577484118e-13,1.0890452983858268e-13,0.0060325,0.00565,0.00655,2.7503421762276057e-15,-1.8591883588214842e-14,3.1935876165789524e-14,0.006295,0.00575,0.0065,-4.544542520079594e-16,-3.760469269309397e-13,2.9694504632971075e-13,0.0104025,0.00945,0.01115
256,direction_L3,planted,20,"1,2,3,4,5,6,7,8,9,10,11,12,13,14,15,16,17,18,19,20",0.002,0.0,0.01,-0.018011031630533282,-0.1931897287831654,0.18753083270930693,0.123,0.09,0.17,1.8805547852984066,1.6682616419428393,2.0353985991559638,0.9935,0.98,1.0,-5.456821460510249,-5.594213642472337,-5.319649145716165,0.9849999999999998,0.95,1.0,4.974341882027032,4.826203426676914,5.143128094870207,0.9954999999999998,0.98,1.0
256,direction_L3,unplanted,20,"1,2,3,4,5,6,7,8,9,10,11,12,13,14,15,16,17,18,19,20",0.0026281407035175877,0.001959798994974874,0.0031155778894472364,9.050769666396768e-05,-0.000942365993393177,0.0009708026572656145,0.002444723618090452,0.001708542713567839,0.0031155778894472364,-0.009450024046759908,-0.01022813366414867,-0.00838322433147316,0.0010703517587939697,0.0006532663316582914,0.0015577889447236182,0.027421213369401,0.02673190525485962,0.028111626344063414,0.0013768844221105528,0.0008542713567839196,0.0017587939698492463,-0.024996692874508154,-0.025844864798044306,-0.02425227852608134,0.005452261306532664,0.00457286432160804,0.006180904522613066
256,norm_L1,all,20,"1,2,3,4,5,6,7,8,9,10,11,12,13,14,15,16,17,18,19,20",0.0027275,0.0022,0.0033,2.624203965240213e-14,-1.0299352481979441e-13,2.40337882928543e-13,0.002735,0.002,0.00335,4.129660169382987e-14,-1.403194005433761e-13,1.9736745571208304e-13,0.002615,0.0022,0.0035,-8.783080929219978e-15,-3.8591529971654383e-14,2.050253300467375e-14,0.0027099999999999993,0.00205,0.0033,1.5600600811183082e-14,-2.873287385796175e-13,3.760561639865045e-13,0.0079,0.007,0.00905
256,norm_L1,planted,20,"1,2,3,4,5,6,7,8,9,10,11,12,13,14,15,16,17,18,19,20",0.03500000000000001,0.0,0.08,1.104597709966519,0.9242464710684297,1.3094660575145614,0.03250000000000001,0.01,0.07,1.104070012399125,0.8835937068465124,1.276885981865873,0.0034999999999999996,0.0,0.02,0.0034655772254517823,-0.1660708765039336,0.1356099858415532,0.002,0.0,0.02,-0.0005648458718231803,-0.1615541387471174,0.22946158201921563,0.048,0.01,0.1
256,norm_L1,unplanted,20,"1,2,3,4,5,6,7,8,9,10,11,12,13,14,15,16,17,18,19,20",0.0025653266331658285,0.001959798994974874,0.003065326633165829,-0.005550742261111914,-0.0065802314446663235,-0.00464445462840803,0.0025854271356783916,0.0017587939698492463,0.0032663316582914573,-0.005548090514526963,-0.006416512471647346,-0.004440169381044276,0.0026105527638190956,0.0022110552763819095,0.0035175879396984926,-1.741496094074535e-05,-0.0006814572153055679,0.0008345270175870351,0.00271356783919598,0.0020603015075376886,0.0033165829145728643,2.8384214821273514e-06,-0.0011530732765282162,0.0008118298429380574,0.00769849246231156,0.0067336683417085425,0.00864321608040201
256,norm_L2,all,20,"1,2,3,4,5,6,7,8,9,10,11,12,13,14,15,16,17,18,19,20",0.0034525,0.0028,0.00435,2.5318906970994702e-14,-8.960014952208439e-14,2.443297120180432e-13,0.0035000000000000005,0.0028,0.00405,-1.2186984754691823e-14,-2.1340937905733882e-13,1.1015526268920439e-13,0.0026175,0.0022,0.0035,3.634395007168224e-15,-2.8177993272038293e-14,3.523190628129669e-14,0.0027099999999999993,0.00205,0.0033,1.5600261082937555e-14,-2.873266069514102e-13,3.760554534437688e-13,0.0087125,0.0077,0.0096
256,norm_L2,planted,20,"1,2,3,4,5,6,7,8,9,10,11,12,13,14,15,16,17,18,19,20",0.223,0.18,0.29,2.2059623687676697,2.0240072661638924,2.406457975823694,0.225,0.17,0.26,2.208818793875032,1.9769751774251632,2.3781213903218354,0.0034999999999999996,0.0,0.02,0.0036294859144515774,-0.16588934117723325,0.1357666992881423,0.002,0.0,0.02,-0.0005648458718231962,-0.16155413874711802,0.22946158201921601,0.26650000000000007,0.2,0.32
256,norm_L2,unplanted,20,"1,2,3,4,5,6,7,8,9,10,11,12,13,14,15,16,17,18,19,20",0.0023492462311557783,0.0017587939698492463,0.002914572864321608,-0.011085238033982946,-0.012092753647235392,-0.010170890784678812,0.002386934673366834,0.0016582914572864321,0.003015075376884422,-0.01109959192903251,-0.011950358745419323,-0.009934548630231098,0.0026130653266331657,0.0022110552763819095,0.0035175879396984926,-1.8238622682033462e-05,-0.0006822447200516676,0.0008336147797589613,0.00271356783919598,0.0020603015075376886,0.0033165829145728643,2.8384214821272917e-06,-0.0011530732765282173,0.0008118298429380531,0.00741708542713568,0.006532663316582915,0.008391959798994975
256,norm_L3,all,20,"1,2,3,4,5,6,7,8,9,10,11,12,13,14,15,16,17,18,19,20",0.005965,0.00555,0.00685,2.518464992107283e-14,-9.026770442233101e-14,2.1965078644825553e-13,0.0060750000000000005,0.00575,0.0069,-1.4969772088591075e-14,-1.447721942327007e-13,1.2230163548565542e-13,0.0026175,0.0022,0.0035,6.799671936619235e-16,-3.5694824873644393e-14,4.166480493950076e-14,0.0027099999999999993,0.00205,0.0033,1.5600938318982568e-14,-2.8732412005183505e-13,3.760568745292403e-13,0.010892500000000001,0.01005,0.0117
256,norm_L3,planted,20,"1,2,3,4,5,6,7,8,9,10,11,12,13,14,15,16,17,18,19,20",0.8724999999999999,0.82,0.93,4.271977955436698,4.096708177181225,4.454660696218674,0.8825,0.81,0.95,4.287112633007533,4.047612967908479,4.441557027995816,0.0034999999999999996,0.0,0.02,0.003957057694235805,-0.16552652458227082,0.1360798797639933,0.002,0.0,0.02,-0.0005648458718231691,-0.16155413874711752,0.229461582019215,0.8995,0.83,0.95
256,norm_L3,unplanted,20,"1,2,3,4,5,6,7,8,9,10,11,12,13,14,15,16,17,18,19,20",0.0016105527638190953,0.0010050251256281408,0.0022110552763819095,-0.021467225906691773,-0.022385229629128145,-0.020586473252251346,0.001670854271356784,0.0011557788944723617,0.002412060301507538,-0.02154327956286697,-0.022319382050233247,-0.020339763657870567,0.0026130653266331657,0.0022110552763819095,0.0035175879396984926,-1.9884712030651357e-05,-0.0006838184912868292,0.0008317915807795576,0.00271356783919598,0.0020603015075376886,0.0033165829145728643,2.838421482127801e-06,-0.0011530732765282167,0.0008118298429380535,0.006427135678391959,0.005577889447236181,0.007085427135678392
256,nullA,all,20,"1,2,3,4,5,6,7,8,9,10,11,12,13,14,15,16,17,18,19,20",0.00285,0.0021,0.0037,1.0070051459365458e-14,-2.28866525731064e-13,1.974360230860839e-13,0.0028525,0.00215,0.0036,2.570182289218792e-14,-1.6357120102838964e-13,2.6694504384749963e-13,0.0025925,0.002,0.0032,6.336708935350545e-17,-7.311484750971431e-16,1.4377832258105627e-15,0.0031725000000000004,0.0025,0.00365,1.1479588168938903e-13,-4.966835831510252e-13,6.747562508735427e-13,0.008625,0.00725,0.01
256,nullB,all,20,"1,2,3,4,5,6,7,8,9,10,11,12,13,14,15,16,17,18,19,20",0.002625,0.00195,0.00315,2.798151044203223e-14,-9.160139313735272e-14,2.543934840559814e-13,0.0026625,0.0018,0.0034,6.5904171009378854e-15,-9.829861369325955e-14,1.4921610613782831e-13,0.0026125000000000007,0.0022,0.0035,4.580056334191339e-15,-2.7280488978931316e-14,4.209503856600349e-14,0.0027099999999999993,0.00205,0.0033,1.5600614133859385e-14,-2.8732412005183505e-13,3.7605261127282575e-13,0.0078,0.0068,0.00885
512,direction_L1,all,20,"1,2,3,4,5,6,7,8,9,10,11,12,13,14,15,16,17,18,19,20",0.0028074999999999997,0.00225,0.0036,-2.896355155712626e-14,-2.2333495053317165e-13,1.190443299492472e-13,0.0026675,0.00195,0.0033,-2.5395108238512883e-15,-1.5100738437467954e-13,1.777442193429124e-13,0.00317,0.00255,0.00355,1.669437921236749e-15,-4.322444624449418e-14,4.619700177954655e-14,0.003055,0.00255,0.0037,-1.0616527656992501e-14,-5.137891889717139e-13,3.386618985246059e-13,0.0084825,0.0076,0.0095
512,direction_L1,planted,20,"1,2,3,4,5,6,7,8,9,10,11,12,13,14,15,16,17,18,19,20",0.0015,0.0,0.01,0.03269749772708688,-0.15263438651263012,0.21301809597363325,0.0115,0.0,0.04,0.7195272813068838,0.5276840476662419,0.8935427438170714,0.174,0.12,0.25,-2.0375770723492375,-2.251363911618179,-1.8367959706504324,0.1275,0.08,0.19,1.8308695920126585,1.6469860083506576,1.9933830219895945,0.20400000000000001,0.15,0.29
512,direction_L1,unplanted,20,"1,2,3,4,5,6,7,8,9,10,11,12,13,14,15,16,17,18,19,20",0.002814070351758794,0.0022613065326633165,0.0035678391959798996,-0.00016430903383356606,-0.0010704426932768582,0.0007670069674230128,0.0026231155778894473,0.0019095477386934674,0.0031658291457286433,-0.0036157149814441793,-0.004490164541885691,-0.002651678631512569,0.002311557788944723,0.0018090452261306533,0.0025628140703517588,0.010239080765575736,0.009230130505801239,0.011313386490566731,0.0024296482412060295,0.0019095477386934674,0.002964824120603015,-0.009200349708616993,-0.010017000110606094,-0.00827631159946742,0.0075000000000000015,0.006482412060301508,0.008442211055276382
512,direction_L2,all,20,"1,2,3,4,5,6,7,8,9,10,11,12,13,14,15,16,17,18,19,20",0.0028074999999999997,0.00225,0.0036,-2.8963489384636884e-14,-2.2333637161864316e-13,1.1904610630608658e-13,0.0028075,0.0023,0.00335,-9.113008125893886e-15,-2.9022793057720266e-13,2.1769732683196708e-13,0.005957500000000001,0.0055,0.0062,-1.5065415581716483e-15,-2.8077096203560357e-14,4.107194584435092e-14,0.005505000000000001,0.0048,0.0062,-4.862550362361163e-15,-4.34707914109822e-13,3.8701699622833983e-13,0.0109175,0.00995,0.01165
512,direction_L2,planted,20,"1,2,3,4,5,6,7,8,9,10,11,12,13,14,15,16,17,18,19,20",0.0015,0.0,0.01,0.03269749772708685,-0.15263438651263017,0.2130180959736332,0.06200000000000001,0.03,0.13,1.3987770961624237,1.2081909792270862,1.576350787592518,0.8515,0.79,0.93,-3.9917573593632794,-4.19000757453365,-3.7971010363396287,0.7269999999999999,0.64,0.85,3.6200703839573682,3.4156724698261662,3.7743175097542276,0.8735000000000002,0.81,0.96
512,direction_L2,unplanted,20,"1,2,3,4,5,6,7,8,9,10,11,12,13,14,15,16,17,18,19,20",0.002814070351758794,0.0022613065326633165,0.0035678391959798996,-0.00016430903383356606,-0.0010704426932768582,0.0007670069674230128,0.002510050251256281,0.0018592964824120603,0.002964824120603015,-0.007029030633991187,-0.007921360741732988,-0.006071311453248433,0.0017085427135678393,0.0013567839195979898,0.0020100502512562816,0.020059082207854163,0.019080909730343366,0.021055314444895626,0.001879396984924623,0.0013065326633165829,0.0026633165829145727,-0.018191308462102217,-0.018966419647137512,-0.017164183265164765,0.006582914572864322,0.005728643216080402,0.007437185929648241
512,direction_L3,all,20,"1,2,3,4,5,6,7,8,9,10,11,12,13,14,15,16,17,18,19,20",0.0028074999999999997,0.00225,0.0036,-2.896380912886798e-14,-2.2333850324685044e-13,1.1904681684882234e-13,0.00397,0.00335,0.00445,1.2380230174358086e-15,-1.564856688673899e-13,1.9324968292266931e-13,0.0055025000000000004,0.0052,0.0059,5.243736556082013e-15,-2.716191715990135e-14,5.022053883863009e-14,0.0056875,0.0055,0.00595,5.4171422902982114e-15,-4.172193257545587e-13,3.5547849108752417e-13,0.0095,0.0087,0.0102
512,direction_L3,planted,20,"1,2,3,4,5,6,7,8,9,10,11,12,13,14,15,16,17,18,19,20",0.0015,0.0,0.01,0.03269749772708684,-0.15263438651262995,0.2130180959736333,0.36499999999999994,0.27,0.45,2.6856962192191243,2.501094282823122,2.8666834920332285,1.0,1.0,1.0,-7.211850241310813,-7.356726703796498,-7.057547450156684,1.0,1.0,1.0,6.60023278459507,6.41995392285401,6.725188175665917,1.0,1.0,1.0
512,direction_L3,unplanted,20,"1,2,3,4,5,6,7,8,9,10,11,12,13,14,15,16,17,18,19,20",0.002814070351758794,0.0022613065326633165,0.0035678391959798996,-0.00016430903383356606,-0.0010704426932768582,0.0007670069674230128,0.0021557788944723613,0.001708542713567839,0.002512562814070352,-0.01349596090059737,-0.014405444683659837,-0.012568312978974906,0.0005050251256281406,0.00020100502512562814,0.0009045226130653266,0.03624045347392896,0.03546506256361672,0.03696847589848999,0.0006909547738693468,0.0005025125628140704,0.0009547738693467337,-0.03316699891755772,-0.033794915455330594,-0.03226107498893718,0.004522613065326633,0.0037185929648241205,0.0052261306532663315
512,norm_L1,all,20,"1,2,3,4,5,6,7,8,9,10,11,12,13,14,15,16,17,18,19,20",0.0031424999999999995,0.00265,0.00395,-2.5699762318254212e-14,-2.3290311901291715e-13,1.3439720447649961e-13,0.002955,0.0024,0.00345,-7.11930070451672e-15,-1.987856990126602e-13,2.074738603141668e-13,0.00258,0.00225,0.00285,2.6026025778946857e-15,-3.0367530712283044e-14,4.419575816427823e-14,0.00267,0.0022,0.0033,9.530669586865776e-15,-6.119385886904638e-13,3.9440912757982006e-13,0.00825,0.0075,0.00925
512,norm_L1,planted,20,"1,2,3,4,5,6,7,8,9,10,11,12,13,14,15,16,17,18,19,20",0.1,0.05,0.17,1.6165630895719114,1.4253600300786522,1.8076347825327108,0.10049999999999999,0.06,0.16,1.61092423883735,1.4142166572598784,1.7979390856888786,0.004,0.0,0.02,0.01469039284926828,-0.2004361357512362,0.2073134338046364,0.003,0.0,0.01,-0.017930400216141718,-0.1819514130519167,0.151013749425445,0.1255,0.08,0.21
512,norm_L1,unplanted,20,"1,2,3,4,5,6,7,8,9,10,11,12,13,14,15,16,17,18,19,20",0.0026557788944723618,0.0021105527638190956,0.003417085427135678,-0.008123432610939955,-0.009083591871972555,-0.007162613216444797,0.002464824120603014,0.0018592964824120603,0.002864321608040201,-0.008095096677581777,-0.009034869777151629,-0.00710661636811545,0.00257286432160804,0.0022613065326633165,0.002864321608040201,-7.382106959169739e-05,-0.0010417760492991376,0.001007216762579492,0.0026683417085427135,0.0022110552763819095,0.0032663316582914573,9.010251365853179e-05,-0.0007588630625691642,0.0009143287091076984,0.007660804020100505,0.0066331658291457285,0.008341708542713568
512,norm_L2,all,20,"1,2,3,4,5,6,7,8,9,10,11,12,13,14,15,16,17,18,19,20",0.0048725,0.0043,0.0057,-3.0299980302572754e-14,-2.250541086823432e-13,1.238788627233589e-13,0.00466,0.0041,0.0052,-3.3419045308846704e-16,-2.3441870666829347e-13,2.1546302519936944e-13,0.00258,0.00225,0.00285,-1.1988769976767341e-14,-5.529869895326556e-14,3.927702607597894e-14,0.00267,0.0022,0.0033,9.531371247817335e-15,-6.119357465195207e-13,3.944116144793952e-13,0.00993,0.0092,0.01055
512,norm_L2,planted,20,"1,2,3,4,5,6,7,8,9,10,11,12,13,14,15,16,17,18,19,20",0.5485,0.46,0.61,3.140180698237127,2.9504744649911787,3.3342691125827857,0.534,0.45,0.62,3.1379490115788937,2.9438610306097917,3.3345890876744897,0.004,0.0,0.02,0.014920095335887635,-0.20019989073809152,0.20753170512924835,0.003,0.0,0.01,-0.01793040021614146,-0.18195141305191664,0.15101374942544582,0.5940000000000001,0.51,0.67
512,norm_L2,unplanted,20,"1,2,3,4,5,6,7,8,9,10,11,12,13,14,15,16,17,18,19,20",0.0021407035175879394,0.0016080402010050252,0.002763819095477387,-0.015779802503734612,-0.016755121168680432,-0.014826504849182796,0.0019999999999999996,0.0015577889447236182,0.0023115577889447235,-0.015768587997884224,-0.01675672908399693,-0.014793271510837569,0.00257286432160804,0.0022613065326633165,0.002864321608040201,-7.49753534587197e-05,-0.001042872890125907,0.001006029601714337,0.0026683417085427135,0.0022110552763819095,0.0032663316582914573,9.010251365853152e-05,-0.0007588630625691648,0.0009143287091076987,0.006994974874371861,0.00592964824120603,0.007587939698492462
512,norm_L3,all,20,"1,2,3,4,5,6,7,8,9,10,11,12,13,14,15,16,17,18,19,20",0.005974999999999999,0.00565,0.00635,-3.181180652234162e-14,-2.0804975520150038e-13,1.0065477340504004e-13,0.005909999999999999,0.0056,0.0063,-3.5222260663658744e-14,-3.157353489768866e-13,1.4726175834312016e-13,0.00258,0.00225,0.00285,-9.503691167367379e-15,-5.26320320659579e-14,3.485070010356139e-14,0.00267,0.0022,0.0033,9.531158084996604e-15,-6.119325490772098e-13,3.9441037102960763e-13,0.010405000000000001,0.00965,0.0111
512,norm_L3,planted,20,"1,2,3,4,5,6,7,8,9,10,11,12,13,14,15,16,17,18,19,20",0.9964999999999999,0.98,1.0,5.832472278744042,5.663353488600853,6.012647506709193,0.9970000000000001,0.98,1.0,5.84368869339267,5.672609458556125,6.036029200893531,0.004,0.0,0.02,0.015379154484775743,-0.19972773725853782,0.20796790370492588,0.003,0.0,0.01,-0.017930400216141548,-0.18195141305191748,0.15101374942544582,0.9974999999999999,0.99,1.0
512,norm_L3,unplanted,20,"1,2,3,4,5,6,7,8,9,10,11,12,13,14,15,16,17,18,19,20",0.0009974874371859294,0.0006532663316582914,0.0013567839195979898,-0.029308905923368878,-0.030214309078889313,-0.028459062756786852,0.0009296482412060301,0.0006532663316582914,0.0013065326633165829,-0.029365269816078964,-0.030331805029467723,-0.028505575168727797,0.00257286432160804,0.0022613065326633165,0.002864321608040201,-7.728218335013322e-05,-0.0010450648427330358,0.0010036569710963408,0.0026683417085427135,0.0022110552763819095,0.0032663316582914573,9.01025136585315e-05,-0.000758863062569167,0.0009143287091076973,0.0054447236180904515,0.004723618090452261,0.006130653266331658
512,nullA,all,20,"1,2,3,4,5,6,7,8,9,10,11,12,13,14,15,16,17,18,19,20",0.0027075000000000003,0.00225,0.00355,-2.4245778718068313e-14,-2.675818677744246e-13,1.9638619619399833e-13,0.0027099999999999997,0.00225,0.00355,-2.036216528722434e-14,-2.690956790729615e-13,1.6991776874419883e-13,0.0026575,0.0021,0.0031,-2.9778846055705796e-16,-1.1878498185069474e-15,6.057376822354855e-16,0.0033699999999999993,0.0027,0.00395,-1.4847048035449013e-14,-1.262142745872552e-12,1.404600880050566e-12,0.008734999999999998,0.0079,0.0095
512,nullB,all,20,"1,2,3,4,5,6,7,8,9,10,11,12,13,14,15,16,17,18,19,20",0.0028074999999999997,0.00225,0.0036,-2.8963063058995425e-14,-2.2333637161864316e-13,1.190443299492472e-13,0.0026425,0.0019,0.00315,-1.8009096436344408e-14,-3.265817838382645e-13,3.5452067947971957e-13,0.00258,0.00225,0.00285,-4.68570515721467e-15,-5.778844069936894e-14,2.6083490922701458e-14,0.00267,0.0022,0.0033,9.529781408446076e-15,-6.119364570622565e-13,3.944066406802449e-13,0.007887499999999999,0.00695,0.00865
768,direction_L1,all,20,"1,2,3,4,5,6,7,8,9,10,11,12,13,14,15,16,17,18,19,20",0.0027675,0.00205,0.0033,-2.4878010762563462e-14,-3.092729627951485e-13,2.6492266158584245e-13,0.0028100000000000004,0.0025,0.0034,1.428340112852311e-14,-2.033019086411514e-13,1.4920722435363132e-13,0.0036175000000000005,0.0029,0.00475,-2.5808510883962295e-15,-4.141078591146652e-14,5.345768272491114e-14,0.0034200000000000003,0.0029,0.00435,-7.628885079213887e-14,-4.721142587982286e-13,3.367599532566601e-13,0.0089975,0.00795,0.0104
768,direction_L1,planted,20,"1,2,3,4,5,6,7,8,9,10,11,12,13,14,15,16,17,18,19,20",0.0015,0.0,0.01,-0.05413919487740879,-0.18540018459983476,0.07319728531675646,0.014000000000000002,0.0,0.03,0.7828201117422623,0.6527561511118829,0.9379991318258841,0.2985,0.24,0.35,-2.4637211513655064,-2.611460203922226,-2.333585822127315,0.21900000000000003,0.16,0.31,2.2184771242358248,2.0865154252538476,2.3720755592028007,0.3315,0.28,0.42
768,direction_L1,unplanted,20,"1,2,3,4,5,6,7,8,9,10,11,12,13,14,15,16,17,18,19,20",0.0027738693467336687,0.0020603015075376886,0.0032663316582914573,0.00027205625564036804,-0.0003678255544959093,0.0009316592188682749,0.0027537688442211055,0.002412060301507538,0.0032663316582914573,-0.0039337694057256555,-0.004713563476597052,-0.0032801816639879927,0.0021356783919597986,0.001407035175879397,0.0033165829145728643,0.012380508298316537,0.011726561920251004,0.013122915597652845,0.0023366834170854265,0.0017587939698492463,0.003417085427135678,-0.011148126252518003,-0.011919977684755067,-0.010485002137073056,0.007376884422110553,0.00628140703517588,0.008894472361809045
768,direction_L2,all,20,"1,2,3,4,5,6,7,8,9,10,11,12,13,14,15,16,17,18,19,20",0.0027675,0.00205,0.0033,-2.4878374915715544e-14,-3.092740286092521e-13,2.6492195104310667e-13,0.002975,0.00235,0.0035,-3.2238398617323576e-14,-2.3547102045995417e-13,1.3330350157048087e-13,0.006200000000000001,0.00545,0.0072,-6.1780180971027195e-15,-6.934470775377121e-14,8.034035658965877e-14,0.00607,0.00535,0.00675,-7.781659316918876e-14,-4.2092960228501397e-13,2.996905834606878e-13,0.010925,0.0101,0.0121
768,direction_L2,planted,20,"1,2,3,4,5,6,7,8,9,10,11,12,13,14,15,16,17,18,19,20",0.0015,0.0,0.01,-0.05413919487740888,-0.18540018459983493,0.07319728531675622,0.07900000000000001,0.03,0.14,1.6151895036919661,1.4867846083113399,1.768144256723818,0.97,0.94,1.0,-4.778134026757261,-4.91922990568695,-4.658654677463203,0.9109999999999999,0.87,0.96,4.345821248755073,4.211734610915757,4.478426841939483,0.9739999999999999,0.95,1.0
768,direction_L2,unplanted,20,"1,2,3,4,5,6,7,8,9,10,11,12,13,14,15,16,17,18,19,20",0.0027738693467336687,0.0020603015075376886,0.0032663316582914573,0.00027205625564036804,-0.0003678255544959093,0.0009316592188682749,0.0025929648241206026,0.0021105527638190956,0.0031155778894472364,-0.008116530169338762,-0.008885147018771815,-0.007471279438785351,0.00135678391959799,0.0007537688442211055,0.002462311557788945,0.024010723752542845,0.023410325012437797,0.024719748269773436,0.0015226130653266333,0.0010050251256281408,0.0022613065326633165,-0.021838297732515766,-0.022504657497574885,-0.02116449553236635,0.006085427135678391,0.0051758793969849245,0.007386934673366834
768,direction_L3,all,20,"1,2,3,4,5,6,7,8,9,10,11,12,13,14,15,16,17,18,19,20",0.0027675,0.00205,0.0033,-2.4877992998995063e-14,-3.092740286092521e-13,2.6492088522900305e-13,0.00498,0.0043,0.0055,-1.188722453804303e-14,-3.2937919058895205e-13,2.3171899954377296e-13,0.0051875,0.00505,0.0053,2.0130741518187285e-15,-3.4441427487763576e-14,5.544711356719745e-14,0.0054150000000000005,0.00515,0.0056,-7.323035067230421e-14,-3.9541028229450605e-13,2.466649107191188e-13,0.008977500000000001,0.00825,0.0095
768,direction_L3,planted,20,"1,2,3,4,5,6,7,8,9,10,11,12,13,14,15,16,17,18,19,20",0.0015,0.0,0.01,-0.0541391948774088,-0.1854001845998347,0.07319728531675618,0.5715,0.5,0.65,3.1762057150170433,3.054541982191203,3.3203353939851765,1.0,1.0,1.0,-8.29781160436605,-8.40132204334002,-8.201822064117302,1.0,1.0,1.0,7.6221115942452595,7.522998541753798,7.702359870907378,1.0,1.0,1.0
768,direction_L3,unplanted,20,"1,2,3,4,5,6,7,8,9,10,11,12,13,14,15,16,17,18,19,20",0.0027738693467336687,0.0020603015075376886,0.0032663316582914573,0.00027205625564036804,-0.0003678255544959093,0.0009316592188682749,0.002133165829145728,0.0016080402010050252,0.0026130653266331657,-0.01596083273879105,-0.016685102482423476,-0.015349457196850025,0.0001884422110552764,5.0251256281407036e-05,0.00030150753768844223,0.04169754575058518,0.0412151862518455,0.04221769871022472,0.0004170854271356784,0.00015075376884422112,0.0006030150753768845,-0.038302068312863854,-0.038705325984716266,-0.03780401277281815,0.003997487437185929,0.0032663316582914573,0.004522613065326633
768,norm_L1,all,20,"1,2,3,4,5,6,7,8,9,10,11,12,13,14,15,16,17,18,19,20",0.0032500000000000003,0.00245,0.0039,-2.4941915199860894e-14,-3.159129846608266e-13,2.4709780888088063e-13,0.0031675,0.0025,0.0036,6.26151841487399e-14,-2.4429880340903763e-13,2.4139001908451974e-13,0.0025499999999999997,0.00185,0.0037,-7.933209644761465e-17,-5.808296066334151e-14,3.582023566650605e-14,0.0026675,0.0022,0.00345,-9.965679836909657e-14,-4.976755896279883e-13,4.35797886666478e-13,0.008470000000000002,0.00775,0.00985
768,norm_L1,planted,20,"1,2,3,4,5,6,7,8,9,10,11,12,13,14,15,16,17,18,19,20",0.147,0.08,0.2,1.8819086218768895,1.7453901556627942,2.0156908394208903,0.132,0.1,0.19,1.8681167767000832,1.7296372355726826,2.0264798353730513,0.001,0.0,0.01,0.03844974993963906,-0.1317981592340712,0.17758551619681287,0.0015,0.0,0.01,-0.03609605610239535,-0.17968951039820016,0.13180036039681634,0.17,0.11,0.22
768,norm_L1,unplanted,20,"1,2,3,4,5,6,7,8,9,10,11,12,13,14,15,16,17,18,19,20",0.0025276381909547733,0.0018592964824120603,0.003065326633165829,-0.009456827245637577,-0.01012909969571586,-0.008770804802409136,0.0025201005025125628,0.0020100502512562816,0.003015075376884422,-0.009387521490892264,-0.010183315755496077,-0.00869164439989806,0.0025577889447236176,0.0018592964824120603,0.0037185929648241205,-0.00019321482381736162,-0.0008923895286368415,0.0006623023076505267,0.0026733668341708543,0.0021608040201005025,0.0034673366834170856,0.00018138721649479407,-0.0006623133690562,0.0009029623638884875,0.007658291457286433,0.0067336683417085425,0.008944723618090452
768,norm_L2,all,20,"1,2,3,4,5,6,7,8,9,10,11,12,13,14,15,16,17,18,19,20",0.005615,0.005,0.0059,-2.761615380819648e-14,-2.978497448680173e-13,2.395772469299118e-13,0.005672499999999999,0.00495,0.0061,-1.7483294811881932e-14,-2.9568951731562267e-13,2.17688622683454e-13,0.0025499999999999997,0.00185,0.0037,-8.642286886129118e-16,-4.780025264494725e-14,4.4489922856882914e-14,0.0026675,0.0022,0.00345,-9.965743785755875e-14,-4.976875800366543e-13,4.3579362341006347e-13,0.010697499999999999,0.00975,0.0121
768,norm_L2,planted,20,"1,2,3,4,5,6,7,8,9,10,11,12,13,14,15,16,17,18,19,20",0.7484999999999999,0.69,0.81,3.714890765012065,3.576262456261739,3.847274087015039,0.749,0.69,0.81,3.705613939590877,3.567263742063056,3.8578846865175045,0.001,0.0,0.01,0.038735769751346585,-0.13154439833332543,0.17787298689288863,0.0015,0.0,0.01,-0.03609605610239529,-0.17968951039820055,0.13180036039681656,0.7859999999999999,0.7,0.84
768,norm_L2,unplanted,20,"1,2,3,4,5,6,7,8,9,10,11,12,13,14,15,16,17,18,19,20",0.001881909547738693,0.001407035175879397,0.0023618090452261304,-0.018667792789033112,-0.019333035613274874,-0.017971168121981462,0.0019371859296482407,0.0013567839195979898,0.002512562814070352,-0.018621175575851127,-0.0193863552084652,-0.01792594845235939,0.0025577889447236176,0.0018592964824120603,0.0037185929648241205,-0.0001946521093041178,-0.0008938341049891986,0.0006610271273134934,0.0026733668341708543,0.0021608040201005025,0.0034673366834170856,0.00018138721649479356,-0.0006623133690562057,0.0009029623638884855,0.006801507537688443,0.005678391959798995,0.008291457286432161
768,norm_L3,all,20,"1,2,3,4,5,6,7,8,9,10,11,12,13,14,15,16,17,18,19,20",0.005577499999999999,0.0053,0.0058,-1.8112888966470567e-14,-2.48980391859277e-13,2.2027499824162078e-13,0.005545,0.00535,0.00575,-1.3825194322691914e-14,-2.3994495279566763e-13,2.716863178875428e-13,0.0025499999999999997,0.00185,0.0037,5.3133764055246495e-15,-3.8455993944808145e-14,4.260840569259017e-14,0.0026675,0.0022,0.00345,-9.965708258619089e-14,-4.976809186985065e-13,4.357932681386956e-13,0.0099075,0.00925,0.0112
768,norm_L3,planted,20,"1,2,3,4,5,6,7,8,9,10,11,12,13,14,15,16,17,18,19,20",1.0,1.0,1.0,6.793212081836627,6.670350332717714,6.905866153342121,1.0,1.0,1.0,6.800252945904299,6.680934243084097,6.923390551417282,0.001,0.0,0.01,0.039307378045117684,-0.13103724408498654,0.1784474816586189,0.0015,0.0,0.01,-0.03609605610239517,-0.17968951039819991,0.13180036039681706,1.0,1.0,1.0
768,norm_L3,unplanted,20,"1,2,3,4,5,6,7,8,9,10,11,12,13,14,15,16,17,18,19,20",0.000580402010050251,0.00030150753768844223,0.0008040201005025126,-0.0341367441298505,-0.03470284499176799,-0.03351934840565824,0.0005477386934673366,0.00035175879396984926,0.0007537688442211055,-0.034172125356316904,-0.03479090729349971,-0.0335725338850664,0.0025577889447236176,0.0018592964824120603,0.0037185929648241205,-0.00019752451278419645,-0.0008967210133171041,0.0006584786135078014,0.0026733668341708543,0.0021608040201005025,0.0034673366834170856,0.00018138721649479348,-0.0006623133690561996,0.0009029623638884841,0.0049321608040201,0.004271356783919598,0.006231155778894473
768,nullA,all,20,"1,2,3,4,5,6,7,8,9,10,11,12,13,14,15,16,17,18,19,20",0.0026274999999999996,0.0021,0.0032,-4.369331785269991e-14,-4.085355165273086e-13,1.4731718067650944e-13,0.0026125,0.0021,0.00315,-1.8318346839407743e-15,-2.7180533379578264e-13,2.628838480234208e-13,0.0025925,0.00215,0.00305,4.0643044485477714e-17,-1.765965151889759e-15,1.8545165403338616e-15,0.003535,0.00295,0.0044,3.2517575743185036e-13,-6.228727755797081e-13,1.5579857404190988e-12,0.008757499999999998,0.00765,0.0098
768,nullB,all,20,"1,2,3,4,5,6,7,8,9,10,11,12,13,14,15,16,17,18,19,20",0.0027675,0.00205,0.0033,-2.4388091546256876e-14,-3.092747391519879e-13,2.649215957717388e-13,0.002795,0.0024,0.00335,2.4631559014665077e-14,-2.4243789198408195e-13,2.6776660888572225e-13,0.0025499999999999997,0.00185,0.0037,1.0158469621046606e-14,-2.925126807440392e-14,6.618492420784605e-14,0.0026675,0.0022,0.00345,-9.965625213936848e-14,-4.976787870702992e-13,4.3580001829468527e-13,0.008005000000000002,0.007,0.0092
